Workbook

Sheet Rekapitulace stavby
A1: Export Komplet | BA1: 2.0 | BB1: ZAMOK | BT1: False | BU1: False | BV1: {a78f166c-8b6e-4fa3-8fd5-52050218beff}
BS2: 0,01 | BT2: 21
BS3: 0,01 | BT3: 12
D4: REKAPITULACE STAVBY | AS4: v --- níže se nacházejí doplnkové a pomocné údaje k sestavám --- v | BE4: Návod na vyplnění | BS4: 0,001
D5: Kód: | K5: CB_II/634-001 | BE5: Měnit lze pouze buňky se žlutým podbarvením!_x000D_ _x000D_ 1) na prvním listu Rekapitulace stavby vyplňte v sestavě_x000D_ _x000D_ a) Souhrnný list_x000D_ - údaje o Uchazeči_x000D_ (přenesou se do ostatních sestav i v jiných listech)_x000D_ _x000D_ b) Rekapitulace objektů_x000D_ - potřebné Ostatní náklady_x000D_ _x000D_ 2) na vybraných listech vyplňte v sestavě_x000D_ _x000D_ a) Krycí list_x000D_ - údaje o Uchazeči, pokud se liší od údajů o Uchazeči na Souhrnném listu_x000D_ (údaje se přenesou do ostatních sestav v daném listu)_x000D_ _x000D_ b) Rekapitulace rozpočtu_x000D_ - potřebné Ostatní náklady_x000D_ _x000D_ c) Celkové náklady za stavbu_x000D_ - ceny u položek_x000D_ - množství, pokud má žluté podbarvení_x000D_ - a v případě potřeby poznámku (ta je ve skrytém sloupci) | BS5: 0,01
D6: Stavba: | K6: Oprava silnice II/634 Rudolfov-Klauda | BS6: 0,01
D7: KSO: | AK7: CC-CZ: | BS7: 0,01
D8: Místo: | K8: Rudolfov-Klauda | AK8: Datum: | AN8: Vyplň údaj | BS8: 0,01
BS9: 0,01
D10: Zadavatel: | AK10: IČ: | AN10: 70890650 | BS10: 0,01
E11: Jihočeský kraj | AK11: DIČ: | AN11: CZ70890650 | BS11: 0,01
BS12: 0,01
D13: Uchazeč: | AK13: IČ: | AN13: Vyplň údaj | BS13: 0,01
E14: Vyplň údaj | AK14: DIČ: | AN14: Vyplň údaj | BS14: 0,01
BS15: False
D16: Projektant: | AK16: IČ: | AN16: 70971641 | BS16: False
E17: Správa a údržba silnic Jihočeského kraje p.o. | AK17: DIČ: | AN17: CZ70971641 | BS17: True
BS18: 0,01
D19: Zpracovatel: | AK19: IČ: | BS19: 0,01
E20: Petr Nachtigal 606 633 836 | AK20: DIČ: | BS20: True
D22: Poznámka:
E23: Délka realizace: 25 kalendářních dnů
D26: Cena bez DPH | AK26: =ROUND(AG94,2) -> 0
L28: Sazba daně | W28: Základ daně | AK28: Výše daně
D29: DPH | F29: základní | L29: 0.21 | W29: =ROUND(AZ94, 2) -> 0 | AK29: =ROUND(AV94, 2) -> 0
F30: snížená | L30: 0.12 | W30: =ROUND(BA94, 2) -> 0 | AK30: =ROUND(AW94, 2) -> 0
F31: zákl. přenesená | L31: 0.21 | W31: =ROUND(BB94, 2) -> 0 | AK31: 0
F32: sníž. přenesená | L32: 0.12 | W32: =ROUND(BC94, 2) -> 0 | AK32: 0
F33: nulová | L33: 0 | W33: =ROUND(BD94, 2) -> 0 | AK33: 0
D35: Cena s DPH | T35: v | X35: CZK | AK35: =SUM(AK26:AK33) -> 0
D49: Projektant | AH49: Zpracovatel
D60: Datum a podpis: | V60: Razítko | AH60: Datum a podpis: | AM60: Razítko
D64: Objednavatel | AH64: Uchazeč
D75: Datum a podpis: | V75: Razítko | AH75: Datum a podpis: | AM75: Razítko
C82: REKAPITULACE OBJEKTŮ STAVBY A SOUPISŮ PRACÍ
C84: Kód: | L84: =K5 -> CB_II/634-001
C85: Stavba: | L85: =K6 -> Oprava silnice II/634 Rudolfov-Klauda
C87: Místo: | L87: =IF(K8="","",K8) -> Rudolfov-Klauda | AI87: Datum: | AM87: =IF(AN8= "","",AN8) -> Vyplň údaj
C89: Zadavatel: | L89: =IF(E11= "","",E11) -> Jihočeský kraj | AI89: Projektant: | AM89: =IF(E17="","",E17) -> Správa a údržba silnic Jihočeského kraje p.o. | AS89: Informatívní údaje z listů zakázek
C90: Uchazeč: | L90: =IF(E14= "Vyplň údaj","",E14) | AI90: Zpracovatel: | AM90: =IF(E20="","",E20) -> Petr Nachtigal 606 633 836
C92: Kód | I92: Popis | AG92: Cena bez DPH [CZK] | AN92: Cena s DPH [CZK] | AQ92: Typ | AS92: z toho Ostat._x000D_ náklady [CZK] | AT92: DPH [CZK] | AU92: Normohodiny [h] | AV92: DPH základní [CZK] | AW92: DPH snížená [CZK] | AX92: DPH základní přenesená_x000D_ [CZK] | AY92: DPH snížená přenesená_x000D_ [CZK] | AZ92: Základna_x000D_ DPH základní | BA92: Základna_x000D_ DPH snížená | BB92: Základna_x000D_ DPH zákl. přenesená | BC92: Základna_x000D_ DPH sníž. přenesená | BD92: Základna_x000D_ DPH nulová
C94: Náklady z rozpočtů | AG94: =ROUND(SUM(AG95:AG97),2) -> 0 | AN94: =SUM(AG94,AT94) -> 0 | AS94: =ROUND(SUM(AS95:AS97),2) -> 0 | AT94: =ROUND(SUM(AV94:AW94),2) -> 0 | AU94: =ROUND(SUM(AU95:AU97),5) -> 0 | AV94: =ROUND(AZ94*L29,2) -> 0 | AW94: =ROUND(BA94*L30,2) -> 0 | AX94: =ROUND(BB94*L29,2) -> 0 | AY94: =ROUND(BC94*L30,2) -> 0 | AZ94: =ROUND(SUM(AZ95:AZ97),2) -> 0 | BA94: =ROUND(SUM(BA95:BA97),2) -> 0 | BB94: =ROUND(SUM(BB95:BB97),2) -> 0 | BC94: =ROUND(SUM(BC95:BC97),2) -> 0 | BD94: =ROUND(SUM(BD95:BD97),2) -> 0 | BS94: D | BT94: 0 | BU94: ###NOIMPORT### | BV94: IMPORT | BW94: {a78f166c-8b6e-4fa3-8fd5-52050218beff} | BX94: {00000000-0000-0000-0000-000000000000}
A95: / | D95: SO101 | J95: Oprava silniceII/634 Rudolfov-Klauda, staničení km 5,278-6,700 | AG95: ='SO101 - Oprava silniceII-...'!J30 -> 0 | AN95: =SUM(AG95,AT95) -> 0 | AQ95: STA | AS95: 0 | AT95: =ROUND(SUM(AV95:AW95),2) -> 0 | AU95: ='SO101 - Oprava silniceII-...'!P122 -> 0 | AV95: ='SO101 - Oprava silniceII-...'!J33 -> 0 | AW95: ='SO101 - Oprava silniceII-...'!J34 -> 0 | AX95: ='SO101 - Oprava silniceII-...'!J35 -> 0 | AY95: ='SO101 - Oprava silniceII-...'!J36 -> 0 | AZ95: ='SO101 - Oprava silniceII-...'!F33 -> 0 | BA95: ='SO101 - Oprava silniceII-...'!F34 -> 0 | BB95: ='SO101 - Oprava silniceII-...'!F35 -> 0 | BC95: ='SO101 - Oprava silniceII-...'!F36 -> 0 | BD95: ='SO101 - Oprava silniceII-...'!F37 -> 0 | BT95: 1 | BV95: IMPORT | BW95: {9cc8bc20-5045-440f-bc7d-6e37ef741e5d} | BX95: {a78f166c-8b6e-4fa3-8fd5-52050218beff} | CM95: 2
A96: / | D96: SO102 | J96: DIO | AG96: ='SO102 - DIO'!J30 -> 0 | AN96: =SUM(AG96,AT96) -> 0 | AQ96: STA | AS96: 0 | AT96: =ROUND(SUM(AV96:AW96),2) -> 0 | AU96: ='SO102 - DIO'!P119 -> 0 | AV96: ='SO102 - DIO'!J33 -> 0 | AW96: ='SO102 - DIO'!J34 -> 0 | AX96: ='SO102 - DIO'!J35 -> 0 | AY96: ='SO102 - DIO'!J36 -> 0 | AZ96: ='SO102 - DIO'!F33 -> 0 | BA96: ='SO102 - DIO'!F34 -> 0 | BB96: ='SO102 - DIO'!F35 -> 0 | BC96: ='SO102 - DIO'!F36 -> 0 | BD96: ='SO102 - DIO'!F37 -> 0 | BT96: 1 | BV96: IMPORT | BW96: {1f558fdb-73fd-4fab-bf58-10a340866e8f} | BX96: {a78f166c-8b6e-4fa3-8fd5-52050218beff} | CM96: 2
A97: / | D97: SO103 | J97: Doplňující údaje | AG97: ='SO103 - Doplňující údaje '!J30 -> 0 | AN97: =SUM(AG97,AT97) -> 0 | AQ97: STA | AS97: 0 | AT97: =ROUND(SUM(AV97:AW97),2) -> 0 | AU97: ='SO103 - Doplňující údaje '!P117 -> 0 | AV97: ='SO103 - Doplňující údaje '!J33 -> 0 | AW97: ='SO103 - Doplňující údaje '!J34 -> 0 | AX97: ='SO103 - Doplňující údaje '!J35 -> 0 | AY97: ='SO103 - Doplňující údaje '!J36 -> 0 | AZ97: ='SO103 - Doplňující údaje '!F33 -> 0 | BA97: ='SO103 - Doplňující údaje '!F34 -> 0 | BB97: ='SO103 - Doplňující údaje '!F35 -> 0 | BC97: ='SO103 - Doplňující údaje '!F36 -> 0 | BD97: ='SO103 - Doplňující údaje '!F37 -> 0 | BT97: 1 | BV97: IMPORT | BW97: {071c7aec-1539-460d-b9ed-ffb9347be52a} | BX97: {a78f166c-8b6e-4fa3-8fd5-52050218beff} | CM97: 2

Sheet SO101 - Oprava silniceII-...
AT2: {9cc8bc20-5045-440f-bc7d-6e37ef741e5d}
AT3: 2
D4: KRYCÍ LIST SOUPISU PRACÍ | M4: v --- níže se nacházejí doplnkové a pomocné údaje k sestavám --- v | AT4: False
D6: Stavba:
E7: ='Rekapitulace stavby'!K6 -> Oprava silnice II/634 Rudolfov-Klauda
D8: Objekt:
E9: SO101 - Oprava silniceII/634 Rudolfov-Klauda, staničení km 5,278-6,700
D11: KSO: | I11: CC-CZ:
D12: Místo: | F12: Rudolfov-Klauda | I12: Datum: | J12: ='Rekapitulace stavby'!AN8 -> Vyplň údaj
D14: Zadavatel: | I14: IČ: | J14: 70890650
E15: Jihočeský kraj | I15: DIČ: | J15: CZ70890650
D17: Uchazeč: | I17: IČ: | J17: ='Rekapitulace stavby'!AN13 -> Vyplň údaj
E18: ='Rekapitulace stavby'!E14 -> Vyplň údaj | I18: DIČ: | J18: ='Rekapitulace stavby'!AN14 -> Vyplň údaj
D20: Projektant: | I20: IČ: | J20: 70971641
E21: Správa a údržba silnic Jihočeského kraje p.o. | I21: DIČ: | J21: CZ70971641
D23: Zpracovatel: | I23: IČ:
E24: Petr Nachtigal 606 633 836 | I24: DIČ:
D26: Poznámka:
D30: Cena bez DPH | J30: =ROUND(J122, 2) -> 0
F32: Základ daně | I32: Sazba daně | J32: Výše daně
D33: DPH | E33: základní | F33: =ROUND((SUM(BE122:BE329)), 2) -> 0 | I33: 0.21 | J33: =ROUND(((SUM(BE122:BE329))*I33), 2) -> 0
E34: snížená | F34: =ROUND((SUM(BF122:BF329)), 2) -> 0 | I34: 0.12 | J34: =ROUND(((SUM(BF122:BF329))*I34), 2) -> 0
E35: zákl. přenesená | F35: =ROUND((SUM(BG122:BG329)), 2) -> 0 | I35: 0.21 | J35: =0 -> 0
E36: sníž. přenesená | F36: =ROUND((SUM(BH122:BH329)), 2) -> 0 | I36: 0.12 | J36: =0 -> 0
E37: nulová | F37: =ROUND((SUM(BI122:BI329)), 2) -> 0 | I37: 0 | J37: =0 -> 0
D39: Cena s DPH | G39: v | H39: CZK | J39: =SUM(J30:J37) -> 0
D50: Projektant | G50: Zpracovatel
D61: Datum a podpis: | F61: Razítko | G61: Datum a podpis: | J61: Razítko
D65: Objednavatel | G65: Uchazeč
D76: Datum a podpis: | F76: Razítko | G76: Datum a podpis: | J76: Razítko
C82: REKAPITULACE ČLENĚNÍ SOUPISU PRACÍ
C84: Stavba:
E85: =E7 -> Oprava silnice II/634 Rudolfov-Klauda
C86: Objekt:
E87: =E9 -> SO101 - Oprava silniceII/634 Rudolfov-Klauda, staničení km 5,278-6,700
C89: Místo: | F89: =F12 -> Rudolfov-Klauda | I89: Datum: | J89: =IF(J12="","",J12) -> Vyplň údaj
C91: Zadavatel: | F91: =E15 -> Jihočeský kraj | I91: Projektant: | J91: =E21 -> Správa a údržba silnic Jihočeského kraje p.o.
C92: Uchazeč: | F92: =IF(E18="","",E18) -> Vyplň údaj | I92: Zpracovatel: | J92: =E24 -> Petr Nachtigal 606 633 836
C94: Kód dílu - Popis | J94: Cena celkem [CZK]
C96: Náklady ze soupisu prací | J96: =J122 -> 0 | AU96: -1
D97: HSV - Práce a dodávky HSV | J97: =J123 -> 0
D98: 1 - Zemní práce | J98: =J124 -> 0
D99: 5 - Komunikace pozemní | J99: =J183 -> 0
D100: 8 - Trubní vedení | J100: =J273 -> 0
D101: 9 - Ostatní konstrukce a práce, bourání | J101: =J290 -> 0
D102: OST - Ostatní | J102: =J318 -> 0
C109: SOUPIS PRACÍ
C111: Stavba:
E112: =E7 -> Oprava silnice II/634 Rudolfov-Klauda
C113: Objekt:
E114: =E9 -> SO101 - Oprava silniceII/634 Rudolfov-Klauda, staničení km 5,278-6,700
C116: Místo: | F116: =F12 -> Rudolfov-Klauda | I116: Datum: | J116: =IF(J12="","",J12) -> Vyplň údaj
C118: Zadavatel: | F118: =E15 -> Jihočeský kraj | I118: Projektant: | J118: =E21 -> Správa a údržba silnic Jihočeského kraje p.o.
C119: Uchazeč: | F119: =IF(E18="","",E18) -> Vyplň údaj | I119: Zpracovatel: | J119: =E24 -> Petr Nachtigal 606 633 836
C121: PČ | D121: Typ | E121: Kód | F121: Popis | G121: MJ | H121: Množství | I121: J.cena [CZK] | J121: Cena celkem [CZK] | K121: Cenová soustava | N121: DPH | O121: J. Nh [h] | P121: Nh celkem [h] | Q121: J. hmotnost [t] | R121: Hmotnost celkem [t] | S121: J. suť [t] | T121: Suť Celkem [t]
C122: Náklady soupisu celkem | J122: =BK122 -> 0 | P122: =P123+P318 -> 0 | R122: =R123+R318 -> 0 | T122: =T123+T318 -> 0 | AT122: D | AU122: -1 | BK122: =BK123+BK318 -> 0
D123: D | E123: HSV | F123: Práce a dodávky HSV | J123: =BK123 -> 0 | P123: =P124+P183+P273+P290 -> 0 | R123: =R124+R183+R273+R290 -> 0 | T123: =T124+T183+T273+T290 -> 0 | AR123: 1 | AT123: D | AU123: 0 | AY123: ROZPOCET | BK123: =BK124+BK183+BK273+BK290 -> 0
D124: D | E124: 1 | F124: Zemní práce | J124: =BK124 -> 0 | P124: =SUM(P125:P182) -> 0 | R124: =SUM(R125:R182) -> 0 | T124: =SUM(T125:T182) -> 0 | AR124: 1 | AT124: D | AU124: 1 | AY124: ROZPOCET | BK124: =SUM(BK125:BK182) -> 0
C125: 1 | D125: K | E125: 11372A | F125: FRÉZOVÁNÍ ZPEVNĚNÝCH PLOCH ASFALTOVÝCH - BEZ DOPRAVY | G125: M3 | H125: 570.065 | J125: =ROUND(I125*H125,2) -> 0 | K125: OTSKP 2024 | N125: základní | P125: =O125*H125 -> 0 | Q125: 0 | R125: =Q125*H125 -> 0 | S125: 0 | T125: =S125*H125 -> 0 | AR125: 4 | AT125: K | AU125: 2 | AY125: ROZPOCET | BE125: =IF(N125="základní",J125,0) -> 0 | BF125: =IF(N125="snížená",J125,0) -> 0 | BG125: =IF(N125="zákl. přenesená",J125,0) -> 0 | BH125: =IF(N125="sníž. přenesená",J125,0) -> 0 | BI125: =IF(N125="nulová",J125,0) -> 0 | BJ125: 1 | BK125: =ROUND(I125*H125,2) -> 0 | BL125: 4 | BM125: -83527152
D126: PP | F126: FRÉZOVÁNÍ ZPEVNĚNÝCH PLOCH ASFALTOVÝCH - BEZ DOPRAVY | AT126: PP | AU126: 2
D127: PSC | F127: Poznámka k souboru cen:_x000D_ Položka zahrnuje: - veškerou manipulaci s vybouranou sutí a s vybouranými hmotami, kromě vodorovné dopravy, vč. uložení na skládku. Položka nezahrnuje: - vodorovnou dopravu - poplatek za skládku, který se vykazuje v položce 0141** (s výjimkou malého množství bouraného materiálu, kde je možné poplatek zahrnout do jednotkové ceny bourání – tento fakt musí být uveden v doplňujícím textu k položce). | AT127: PSC | AU127: 2
D128: VV | F128: v tl. 50 mm | AT128: VV | AU128: 2 | AV128: 1 | AW128: True | AX128: 0 | AY128: ROZPOCET
D129: VV | F129: včetně napojení a rozšíření | AT129: VV | AU129: 2 | AV129: 1 | AW129: True | AX129: 0 | AY129: ROZPOCET
D130: VV | F130: délka 1422 | AT130: VV | AU130: 2 | AV130: 1 | AW130: True | AX130: 0 | AY130: ROZPOCET
D131: VV | F131: šířka 7,9 | AT131: VV | AU131: 2 | AV131: 1 | AW131: True | AX131: 0 | AY131: ROZPOCET
D132: VV | F132: hloubka 0,05 | AT132: VV | AU132: 2 | AV132: 1 | AW132: True | AX132: 0 | AY132: ROZPOCET
D133: VV | F133: délka 15,5 | AT133: VV | AU133: 2 | AV133: 1 | AW133: True | AX133: 0 | AY133: ROZPOCET
D134: VV | F134: šířka 1 | AT134: VV | AU134: 2 | AV134: 1 | AW134: True | AX134: 0 | AY134: ROZPOCET
D135: VV | F135: hloubka 0,05 | AT135: VV | AU135: 2 | AV135: 1 | AW135: True | AX135: 0 | AY135: ROZPOCET
D136: VV | F136: délka 10 | AT136: VV | AU136: 2 | AV136: 1 | AW136: True | AX136: 0 | AY136: ROZPOCET
D137: VV | F137: šířka 1 | AT137: VV | AU137: 2 | AV137: 1 | AW137: True | AX137: 0 | AY137: ROZPOCET
D138: VV | F138: hloubka 0,05 | AT138: VV | AU138: 2 | AV138: 1 | AW138: True | AX138: 0 | AY138: ROZPOCET
D139: VV | F139: délka 6 | AT139: VV | AU139: 2 | AV139: 1 | AW139: True | AX139: 0 | AY139: ROZPOCET
... D147: VV | F147: hloubka 0,05 | AT147: VV | AU147: 2 | AV147: 1 | AW147: True | AX147: 0 | AY147: ROZPOCET
D148: VV | F148: 1422*7,9*0,05+15,5*1*0,05+10*1*0,05+6*1*0,05+11*1*0,05+50*2,5*0,05 | H148: 570.065 | AT148: VV | AU148: 2 | AV148: 2 | AW148: True | AX148: 1 | AY148: ROZPOCET
C149: 35 | D149: K | E149: 11372A | F149: FRÉZOVÁNÍ ZPEVNĚNÝCH PLOCH ASFALTOVÝCH - BEZ DOPRAVY | G149: M3 | H149: 1122.59 | J149: =ROUND(I149*H149,2) -> 0 | K149: OTSKP 2024 | N149: základní | P149: =O149*H149 -> 0 | Q149: 0 | R149: =Q149*H149 -> 0 | S149: 0 | T149: =S149*H149 -> 0 | AR149: 4 | AT149: K | AU149: 2 | AY149: ROZPOCET | BE149: =IF(N149="základní",J149,0) -> 0 | BF149: =IF(N149="snížená",J149,0) -> 0 | BG149: =IF(N149="zákl. přenesená",J149,0) -> 0 | BH149: =IF(N149="sníž. přenesená",J149,0) -> 0 | BI149: =IF(N149="nulová",J149,0) -> 0 | BJ149: 1 | BK149: =ROUND(I149*H149,2) -> 0 | BL149: 4 | BM149: 1835308790
D150: PP | F150: FRÉZOVÁNÍ ZPEVNĚNÝCH PLOCH ASFALTOVÝCH - BEZ DOPRAVY | AT150: PP | AU150: 2
D151: PSC | F151: Poznámka k souboru cen:_x000D_ Položka zahrnuje: - veškerou manipulaci s vybouranou sutí a s vybouranými hmotami, kromě vodorovné dopravy, vč. uložení na skládku. Položka nezahrnuje: - vodorovnou dopravu - poplatek za skládku, který se vykazuje v položce 0141** (s výjimkou malého množství bouraného materiálu, kde je možné poplatek zahrnout do jednotkové ceny bourání – tento fakt musí být uveden v doplňujícím textu k položce). | AT151: PSC | AU151: 2
D152: VV | F152: v tl. 100 mm | AT152: VV | AU152: 2 | AV152: 1 | AW152: True | AX152: 0 | AY152: ROZPOCET
D153: VV | F153: délka 1421 | AT153: VV | AU153: 2 | AV153: 1 | AW153: True | AX153: 0 | AY153: ROZPOCET
D154: VV | F154: šířka 7,9 | AT154: VV | AU154: 2 | AV154: 1 | AW154: True | AX154: 0 | AY154: ROZPOCET
D155: VV | F155: hloubka 0,1 | AT155: VV | AU155: 2 | AV155: 1 | AW155: True | AX155: 0 | AY155: ROZPOCET
D156: VV | F156: 1421*7,9*0,1 | H156: 1122.59 | AT156: VV | AU156: 2 | AV156: 2 | AW156: True | AX156: 1 | AY156: ROZPOCET
C157: 36 | D157: K | E157: 11372R | F157: ODKUP A ODVOZ ASFALTOVĚHO RECYKLÁTU ZHOTOVITELEM- OBJEMOVÁ HMOTNOST PŘED FRÉZOVÁNÍM 2,4 T/M3; CENA -1,-KČ/T | G157: T | H157: 4062.372 | J157: =ROUND(I157*H157,2) -> 0 | K157: OTSKP 2024 | N157: základní | P157: =O157*H157 -> 0 | Q157: 0 | R157: =Q157*H157 -> 0 | S157: 0 | T157: =S157*H157 -> 0 | AR157: 4 | AT157: K | AU157: 2 | AY157: ROZPOCET | BE157: =IF(N157="základní",J157,0) -> 0 | BF157: =IF(N157="snížená",J157,0) -> 0 | BG157: =IF(N157="zákl. přenesená",J157,0) -> 0 | BH157: =IF(N157="sníž. přenesená",J157,0) -> 0 | BI157: =IF(N157="nulová",J157,0) -> 0 | BJ157: 1 | BK157: =ROUND(I157*H157,2) -> 0 | BL157: 4 | BM157: -25884218
D158: PP | F158: ODKUP A ODVOZ ASFALTOVĚHO RECYKLÁTU ZHOTOVITELEM- OBJEMOVÁ HMOTNOST PŘED FRÉZOVÁNÍM 2,4 T/M3; CENA 1,-KČ/T | AT158: PP | AU158: 2
D159: VV | F159: PAU skupina ZAS T1 | AT159: VV | AU159: 2 | AV159: 1 | AW159: True | AX159: 0 | AY159: ROZPOCET
D160: VV | F160: objem 570,065 | AT160: VV | AU160: 2 | AV160: 1 | AW160: True | AX160: 0 | AY160: ROZPOCET
D161: VV | F161: objem 1122,59 | AT161: VV | AU161: 2 | AV161: 1 | AW161: True | AX161: 0 | AY161: ROZPOCET
D162: VV | F162: koeficient 2,4 | AT162: VV | AU162: 2 | AV162: 1 | AW162: True | AX162: 0 | AY162: ROZPOCET
D163: VV | F163: (570,065+1122,59)*2,4 | H163: 4062.372 | AT163: VV | AU163: 2 | AV163: 2 | AW163: True | AX163: 1 | AY163: ROZPOCET
C164: 10 | D164: K | E164: 12922 | F164: ČIŠTĚNÍ KRAJNIC OD NÁNOSU TL. DO 100MM | G164: M2 | H164: 2197.5 | J164: =ROUND(I164*H164,2) -> 0 | K164: OTSKP 2024 | N164: základní | P164: =O164*H164 -> 0 | Q164: 0 | R164: =Q164*H164 -> 0 | S164: 0 | T164: =S164*H164 -> 0 | AR164: 4 | AT164: K | AU164: 2 | AY164: ROZPOCET | BE164: =IF(N164="základní",J164,0) -> 0 | BF164: =IF(N164="snížená",J164,0) -> 0 | BG164: =IF(N164="zákl. přenesená",J164,0) -> 0 | BH164: =IF(N164="sníž. přenesená",J164,0) -> 0 | BI164: =IF(N164="nulová",J164,0) -> 0 | BJ164: 1 | BK164: =ROUND(I164*H164,2) -> 0 | BL164: 4 | BM164: 1704054789
D165: PP | F165: ČIŠTĚNÍ KRAJNIC OD NÁNOSU TL. DO 100MM | AT165: PP | AU165: 2
D166: PSC | F166: Poznámka k souboru cen:_x000D_ Položka zahrnuje: - vodorovnou a svislou dopravu, přemístění, přeložení, manipulace s materiálem a uložení na skládku. Položka nezahrnuje: - poplatek za skládku, který se vykazuje v položce 0141** (s výjimkou malého množství materiálu, kde je možné poplatek zahrnout do jednotkové ceny položky – tento fakt musí být uveden v doplňujícím textu k položce) | AT166: PSC | AU166: 2
D167: VV | F167: s odvozem na skládku do 8 km, š= 0,8-1 m, okolo sil.obrubníků š= 0,6 m | AT167: VV | AU167: 2 | AV167: 1 | AW167: True | AX167: 0 | AY167: ROZPOCET
D168: VV | F168: včetně krajnic okolo silničních obrubníků - průtah Rudolfova pravá strana | AT168: VV | AU168: 2 | AV168: 1 | AW168: True | AX168: 0 | AY168: ROZPOCET
D169: VV | F169: délka 155 | AT169: VV | AU169: 2 | AV169: 1 | AW169: True | AX169: 0 | AY169: ROZPOCET
D170: VV | F170: šířka 0,9 | AT170: VV | AU170: 2 | AV170: 1 | AW170: True | AX170: 0 | AY170: ROZPOCET
D171: VV | F171: délka 73 | AT171: VV | AU171: 2 | AV171: 1 | AW171: True | AX171: 0 | AY171: ROZPOCET
D172: VV | F172: šířka 0,6 | AT172: VV | AU172: 2 | AV172: 1 | AW172: True | AX172: 0 | AY172: ROZPOCET
D173: VV | F173: délka 1119 | AT173: VV | AU173: 2 | AV173: 1 | AW173: True | AX173: 0 | AY173: ROZPOCET
...

Sheet SO102 - DIO
AT2: {1f558fdb-73fd-4fab-bf58-10a340866e8f}
AT3: 2
D4: KRYCÍ LIST SOUPISU PRACÍ | M4: v --- níže se nacházejí doplnkové a pomocné údaje k sestavám --- v | AT4: False
D6: Stavba:
E7: ='Rekapitulace stavby'!K6 -> Oprava silnice II/634 Rudolfov-Klauda
D8: Objekt:
E9: SO102 - DIO
D11: KSO: | I11: CC-CZ:
D12: Místo: | F12: Rudolfov-Klauda | I12: Datum: | J12: ='Rekapitulace stavby'!AN8 -> Vyplň údaj
D14: Zadavatel: | I14: IČ: | J14: 70890650
E15: Jihočeský kraj | I15: DIČ: | J15: CZ70890650
D17: Uchazeč: | I17: IČ: | J17: ='Rekapitulace stavby'!AN13 -> Vyplň údaj
E18: ='Rekapitulace stavby'!E14 -> Vyplň údaj | I18: DIČ: | J18: ='Rekapitulace stavby'!AN14 -> Vyplň údaj
D20: Projektant: | I20: IČ: | J20: 70971641
E21: Správa a údržba silnic Jihočeského kraje p.o. | I21: DIČ: | J21: CZ70971641
D23: Zpracovatel: | I23: IČ:
E24: Petr Nachtigal 606 633 836 | I24: DIČ:
D26: Poznámka:
D30: Cena bez DPH | J30: =ROUND(J119, 2) -> 0
F32: Základ daně | I32: Sazba daně | J32: Výše daně
D33: DPH | E33: základní | F33: =ROUND((SUM(BE119:BE227)), 2) -> 0 | I33: 0.21 | J33: =ROUND(((SUM(BE119:BE227))*I33), 2) -> 0
E34: snížená | F34: =ROUND((SUM(BF119:BF227)), 2) -> 0 | I34: 0.12 | J34: =ROUND(((SUM(BF119:BF227))*I34), 2) -> 0
E35: zákl. přenesená | F35: =ROUND((SUM(BG119:BG227)), 2) -> 0 | I35: 0.21 | J35: =0 -> 0
E36: sníž. přenesená | F36: =ROUND((SUM(BH119:BH227)), 2) -> 0 | I36: 0.12 | J36: =0 -> 0
E37: nulová | F37: =ROUND((SUM(BI119:BI227)), 2) -> 0 | I37: 0 | J37: =0 -> 0
D39: Cena s DPH | G39: v | H39: CZK | J39: =SUM(J30:J37) -> 0
D50: Projektant | G50: Zpracovatel
D61: Datum a podpis: | F61: Razítko | G61: Datum a podpis: | J61: Razítko
D65: Objednavatel | G65: Uchazeč
D76: Datum a podpis: | F76: Razítko | G76: Datum a podpis: | J76: Razítko
C82: REKAPITULACE ČLENĚNÍ SOUPISU PRACÍ
C84: Stavba:
E85: =E7 -> Oprava silnice II/634 Rudolfov-Klauda
C86: Objekt:
E87: =E9 -> SO102 - DIO
C89: Místo: | F89: =F12 -> Rudolfov-Klauda | I89: Datum: | J89: =IF(J12="","",J12) -> Vyplň údaj
C91: Zadavatel: | F91: =E15 -> Jihočeský kraj | I91: Projektant: | J91: =E21 -> Správa a údržba silnic Jihočeského kraje p.o.
C92: Uchazeč: | F92: =IF(E18="","",E18) -> Vyplň údaj | I92: Zpracovatel: | J92: =E24 -> Petr Nachtigal 606 633 836
C94: Kód dílu - Popis | J94: Cena celkem [CZK]
C96: Náklady ze soupisu prací | J96: =J119 -> 0 | AU96: -1
D97: HSV - Práce a dodávky HSV | J97: =J120 -> 0
D98: 9 - Ostatní konstrukce a práce, bourání | J98: =J121 -> 0
D99: OST - Ostatní | J99: =J218 -> 0
C106: SOUPIS PRACÍ
C108: Stavba:
E109: =E7 -> Oprava silnice II/634 Rudolfov-Klauda
C110: Objekt:
E111: =E9 -> SO102 - DIO
C113: Místo: | F113: =F12 -> Rudolfov-Klauda | I113: Datum: | J113: =IF(J12="","",J12) -> Vyplň údaj
C115: Zadavatel: | F115: =E15 -> Jihočeský kraj | I115: Projektant: | J115: =E21 -> Správa a údržba silnic Jihočeského kraje p.o.
C116: Uchazeč: | F116: =IF(E18="","",E18) -> Vyplň údaj | I116: Zpracovatel: | J116: =E24 -> Petr Nachtigal 606 633 836
C118: PČ | D118: Typ | E118: Kód | F118: Popis | G118: MJ | H118: Množství | I118: J.cena [CZK] | J118: Cena celkem [CZK] | K118: Cenová soustava | N118: DPH | O118: J. Nh [h] | P118: Nh celkem [h] | Q118: J. hmotnost [t] | R118: Hmotnost celkem [t] | S118: J. suť [t] | T118: Suť Celkem [t]
C119: Náklady soupisu celkem | J119: =BK119 -> 0 | P119: =P120+P218 -> 0 | R119: =R120+R218 -> 0 | T119: =T120+T218 -> 0 | AT119: D | AU119: -1 | BK119: =BK120+BK218 -> 0
D120: D | E120: HSV | F120: Práce a dodávky HSV | J120: =BK120 -> 0 | P120: =P121 -> 0 | R120: =R121 -> 0 | T120: =T121 -> 0 | AR120: 1 | AT120: D | AU120: 0 | AY120: ROZPOCET | BK120: =BK121 -> 0
D121: D | E121: 9 | F121: Ostatní konstrukce a práce, bourání | J121: =BK121 -> 0 | P121: =SUM(P122:P217) -> 0 | R121: =SUM(R122:R217) -> 0 | T121: =SUM(T122:T217) -> 0 | AR121: 1 | AT121: D | AU121: 1 | AY121: ROZPOCET | BK121: =SUM(BK122:BK217) -> 0
C122: 1 | D122: K | E122: 914122 | F122: DOPRAVNÍ ZNAČKY ZÁKLADNÍ VELIKOSTI OCELOVÉ FÓLIE TŘ 1 - MONTÁŽ S PŘEMÍSTĚNÍM | G122: KUS | H122: 55 | J122: =ROUND(I122*H122,2) -> 0 | K122: OTSKP 2024 | N122: základní | P122: =O122*H122 -> 0 | Q122: 0 | R122: =Q122*H122 -> 0 | S122: 0 | T122: =S122*H122 -> 0 | AR122: 4 | AT122: K | AU122: 2 | AY122: ROZPOCET | BE122: =IF(N122="základní",J122,0) -> 0 | BF122: =IF(N122="snížená",J122,0) -> 0 | BG122: =IF(N122="zákl. přenesená",J122,0) -> 0 | BH122: =IF(N122="sníž. přenesená",J122,0) -> 0 | BI122: =IF(N122="nulová",J122,0) -> 0 | BJ122: 1 | BK122: =ROUND(I122*H122,2) -> 0 | BL122: 4 | BM122: 180329204
D123: PP | F123: DOPRAVNÍ ZNAČKY ZÁKLADNÍ VELIKOSTI OCELOVÉ FÓLIE TŘ 1 - MONTÁŽ S PŘEMÍSTĚNÍM | AT123: PP | AU123: 2
D124: PSC | F124: Poznámka k souboru cen:_x000D_ položka zahrnuje: - dopravu demontované značky z dočasné skládky - osazení a montáž značky na místě určeném projektem - nutnou opravu poškozených částí nezahrnuje dodávku značky | AT124: PSC | AU124: 2
D125: VV | F125: počet 55 | AT125: VV | AU125: 2 | AV125: 1 | AW125: True | AX125: 0 | AY125: ROZPOCET
D126: VV | F126: 55 | H126: 55 | AT126: VV | AU126: 2 | AV126: 2 | AW126: True | AX126: 1 | AY126: ROZPOCET
C127: 2 | D127: K | E127: 914123 | F127: DOPRAVNÍ ZNAČKY ZÁKLADNÍ VELIKOSTI OCELOVÉ FÓLIE TŘ 1 - DEMONTÁŽ | G127: KUS | H127: 55 | J127: =ROUND(I127*H127,2) -> 0 | K127: OTSKP 2024 | N127: základní | P127: =O127*H127 -> 0 | Q127: 0 | R127: =Q127*H127 -> 0 | S127: 0 | T127: =S127*H127 -> 0 | AR127: 4 | AT127: K | AU127: 2 | AY127: ROZPOCET | BE127: =IF(N127="základní",J127,0) -> 0 | BF127: =IF(N127="snížená",J127,0) -> 0 | BG127: =IF(N127="zákl. přenesená",J127,0) -> 0 | BH127: =IF(N127="sníž. přenesená",J127,0) -> 0 | BI127: =IF(N127="nulová",J127,0) -> 0 | BJ127: 1 | BK127: =ROUND(I127*H127,2) -> 0 | BL127: 4 | BM127: 2137435945
D128: PP | F128: DOPRAVNÍ ZNAČKY ZÁKLADNÍ VELIKOSTI OCELOVÉ FÓLIE TŘ 1 - DEMONTÁŽ | AT128: PP | AU128: 2
D129: PSC | F129: Poznámka k souboru cen:_x000D_ Položka zahrnuje odstranění, demontáž a odklizení materiálu s odvozem na předepsané místo | AT129: PSC | AU129: 2
D130: VV | F130: počet 55 | AT130: VV | AU130: 2 | AV130: 1 | AW130: True | AX130: 0 | AY130: ROZPOCET
D131: VV | F131: 55 | H131: 55 | AT131: VV | AU131: 2 | AV131: 2 | AW131: True | AX131: 1 | AY131: ROZPOCET
C132: 3 | D132: K | E132: 914129 | F132: DOPRAV ZNAČKY ZÁKLAD VEL OCEL FÓLIE TŘ 1 - NÁJEMNÉ | G132: KSDEN | H132: 1375 | J132: =ROUND(I132*H132,2) -> 0 | K132: OTSKP 2024 | N132: základní | P132: =O132*H132 -> 0 | Q132: 0 | R132: =Q132*H132 -> 0 | S132: 0 | T132: =S132*H132 -> 0 | AR132: 4 | AT132: K | AU132: 2 | AY132: ROZPOCET | BE132: =IF(N132="základní",J132,0) -> 0 | BF132: =IF(N132="snížená",J132,0) -> 0 | BG132: =IF(N132="zákl. přenesená",J132,0) -> 0 | BH132: =IF(N132="sníž. přenesená",J132,0) -> 0 | BI132: =IF(N132="nulová",J132,0) -> 0 | BJ132: 1 | BK132: =ROUND(I132*H132,2) -> 0 | BL132: 4 | BM132: -254528290
D133: PP | F133: DOPRAV ZNAČKY ZÁKLAD VEL OCEL FÓLIE TŘ 1 - NÁJEMNÉ | AT133: PP | AU133: 2
D134: PSC | F134: Poznámka k souboru cen:_x000D_ položka zahrnuje sazbu za pronájem dopravních značek a zařízení, počet jednotek je určen jako součin počtu značek a počtu dní použití | AT134: PSC | AU134: 2
D135: VV | F135: počet 55 | AT135: VV | AU135: 2 | AV135: 1 | AW135: True | AX135: 0 | AY135: ROZPOCET
D136: VV | F136: dny 25 | AT136: VV | AU136: 2 | AV136: 1 | AW136: True | AX136: 0 | AY136: ROZPOCET
D137: VV | F137: 55*25 | H137: 1375 | AT137: VV | AU137: 2 | AV137: 2 | AW137: True | AX137: 1 | AY137: ROZPOCET
C138: 4 | D138: K | E138: 914422 | F138: DOPRAVNÍ ZNAČKY 100X150CM OCELOVÉ FÓLIE TŘ 1 - MONTÁŽ S PŘEMÍSTĚNÍM | G138: KUS | H138: 11 | J138: =ROUND(I138*H138,2) -> 0 | K138: OTSKP 2024 | N138: základní | P138: =O138*H138 -> 0 | Q138: 0 | R138: =Q138*H138 -> 0 | S138: 0 | T138: =S138*H138 -> 0 | AR138: 4 | AT138: K | AU138: 2 | AY138: ROZPOCET | BE138: =IF(N138="základní",J138,0) -> 0 | BF138: =IF(N138="snížená",J138,0) -> 0 | BG138: =IF(N138="zákl. přenesená",J138,0) -> 0 | BH138: =IF(N138="sníž. přenesená",J138,0) -> 0 | BI138: =IF(N138="nulová",J138,0) -> 0 | BJ138: 1 | BK138: =ROUND(I138*H138,2) -> 0 | BL138: 4 | BM138: -140651510
D139: PP | F139: DOPRAVNÍ ZNAČKY 100X150CM OCELOVÉ FÓLIE TŘ 1 - MONTÁŽ S PŘEMÍSTĚNÍM | AT139: PP | AU139: 2
D140: PSC | F140: Poznámka k souboru cen:_x000D_ položka zahrnuje: - dopravu demontované značky z dočasné skládky - osazení a montáž značky na místě určeném projektem - nutnou opravu poškozených částí nezahrnuje dodávku značky | AT140: PSC | AU140: 2
D141: VV | F141: počet 11 | AT141: VV | AU141: 2 | AV141: 1 | AW141: True | AX141: 0 | AY141: ROZPOCET
D142: VV | F142: 11 | H142: 11 | AT142: VV | AU142: 2 | AV142: 2 | AW142: True | AX142: 1 | AY142: ROZPOCET
C143: 5 | D143: K | E143: 914423 | F143: DOPRAVNÍ ZNAČKY 100X150CM OCELOVÉ FÓLIE TŘ 1 - DEMONTÁŽ | G143: KUS | H143: 11 | J143: =ROUND(I143*H143,2) -> 0 | K143: OTSKP 2024 | N143: základní | P143: =O143*H143 -> 0 | Q143: 0 | R143: =Q143*H143 -> 0 | S143: 0 | T143: =S143*H143 -> 0 | AR143: 4 | AT143: K | AU143: 2 | AY143: ROZPOCET | BE143: =IF(N143="základní",J143,0) -> 0 | BF143: =IF(N143="snížená",J143,0) -> 0 | BG143: =IF(N143="zákl. přenesená",J143,0) -> 0 | BH143: =IF(N143="sníž. přenesená",J143,0) -> 0 | BI143: =IF(N143="nulová",J143,0) -> 0 | BJ143: 1 | BK143: =ROUND(I143*H143,2) -> 0 | BL143: 4 | BM143: 1802926264
D144: PP | F144: DOPRAVNÍ ZNAČKY 100X150CM OCELOVÉ FÓLIE TŘ 1 - DEMONTÁŽ | AT144: PP | AU144: 2
D145: PSC | F145: Poznámka k souboru cen:_x000D_ Položka zahrnuje odstranění, demontáž a odklizení materiálu s odvozem na předepsané místo | AT145: PSC | AU145: 2
D146: VV | F146: počet 11 | AT146: VV | AU146: 2 | AV146: 1 | AW146: True | AX146: 0 | AY146: ROZPOCET
D147: VV | F147: 11 | H147: 11 | AT147: VV | AU147: 2 | AV147: 2 | AW147: True | AX147: 1 | AY147: ROZPOCET
C148: 6 | D148: K | E148: 914429 | F148: DOPRAV ZNAČ 100X150CM OCEL FÓLIE TŘ 1 - NÁJEMNÉ | G148: KSDEN | H148: 275 | J148: =ROUND(I148*H148,2) -> 0 | K148: OTSKP 2024 | N148: základní | P148: =O148*H148 -> 0 | Q148: 0 | R148: =Q148*H148 -> 0 | S148: 0 | T148: =S148*H148 -> 0 | AR148: 4 | AT148: K | AU148: 2 | AY148: ROZPOCET | BE148: =IF(N148="základní",J148,0) -> 0 | BF148: =IF(N148="snížená",J148,0) -> 0 | BG148: =IF(N148="zákl. přenesená",J148,0) -> 0 | BH148: =IF(N148="sníž. přenesená",J148,0) -> 0 | BI148: =IF(N148="nulová",J148,0) -> 0 | BJ148: 1 | BK148: =ROUND(I148*H148,2) -> 0 | BL148: 4 | BM148: -365261205
D149: PP | F149: DOPRAV ZNAČ 100X150CM OCEL FÓLIE TŘ 1 - NÁJEMNÉ | AT149: PP | AU149: 2
D150: PSC | F150: Poznámka k souboru cen:_x000D_ položka zahrnuje sazbu za pronájem dopravních značek a zařízení, počet jednotek je určen jako součin počtu značek a počtu dní použití | AT150: PSC | AU150: 2
D151: VV | F151: počet 11 | AT151: VV | AU151: 2 | AV151: 1 | AW151: True | AX151: 0 | AY151: ROZPOCET
D152: VV | F152: dny 25 | AT152: VV | AU152: 2 | AV152: 1 | AW152: True | AX152: 0 | AY152: ROZPOCET
D153: VV | F153: 11*25 | H153: 275 | AT153: VV | AU153: 2 | AV153: 2 | AW153: True | AX153: 1 | AY153: ROZPOCET
C154: 7 | D154: K | E154: 916112 | F154: DOPRAV SVĚTLO VÝSTRAŽ SAMOSTATNÉ - MONTÁŽ S PŘESUNEM | G154: KUS | H154: 4 | J154: =ROUND(I154*H154,2) -> 0 | K154: OTSKP 2024 | N154: základní | P154: =O154*H154 -> 0 | Q154: 0 | R154: =Q154*H154 -> 0 | S154: 0 | T154: =S154*H154 -> 0 | AR154: 4 | AT154: K | AU154: 2 | AY154: ROZPOCET | BE154: =IF(N154="základní",J154,0) -> 0 | BF154: =IF(N154="snížená",J154,0) -> 0 | BG154: =IF(N154="zákl. přenesená",J154,0) -> 0 | BH154: =IF(N154="sníž. přenesená",J154,0) -> 0 | BI154: =IF(N154="nulová",J154,0) -> 0 | BJ154: 1 | BK154: =ROUND(I154*H154,2) -> 0 | BL154: 4 | BM154: -1592772815
D155: PP | F155: DOPRAV SVĚTLO VÝSTRAŽ SAMOSTATNÉ - MONTÁŽ S PŘESUNEM | AT155: PP | AU155: 2
D156: PSC | F156: Poznámka k souboru cen:_x000D_ položka zahrnuje: - přemístění zařízení z dočasné skládky a jeho osazení a montáž na místě určeném projektem - údržbu po celou dobu trvání funkce, náhradu zničených nebo ztracených kusů, nutnou opravu poškozených částí - napájení z baterie včetně záložní baterie | AT156: PSC | AU156: 2
D157: VV | F157: počet 4 | AT157: VV | AU157: 2 | AV157: 1 | AW157: True | AX157: 0 | AY157: ROZPOCET
D158: VV | F158: 4 | H158: 4 | AT158: VV | AU158: 2 | AV158: 2 | AW158: True | AX158: 1 | AY158: ROZPOCET
C159: 8 | D159: K | E159: 916113 | F159: DOPRAV SVĚTLO VÝSTRAŽ SAMOSTATNÉ - DEMONTÁŽ | G159: KUS | H159: 4 | J159: =ROUND(I159*H159,2) -> 0 | K159: OTSKP 2024 | N159: základní | P159: =O159*H159 -> 0 | Q159: 0 | R159: =Q159*H159 -> 0 | S159: 0 | T159: =S159*H159 -> 0 | AR159: 4 | AT159: K | AU159: 2 | AY159: ROZPOCET | BE159: =IF(N159="základní",J159,0) -> 0 | BF159: =IF(N159="snížená",J159,0) -> 0 | BG159: =IF(N159="zákl. přenesená",J159,0) -> 0 | BH159: =IF(N159="sníž. přenesená",J159,0) -> 0 | BI159: =IF(N159="nulová",J159,0) -> 0 | BJ159: 1 | BK159: =ROUND(I159*H159,2) -> 0 | BL159: 4 | BM159: 1789742438
D160: PP | F160: DOPRAV SVĚTLO VÝSTRAŽ SAMOSTATNÉ - DEMONTÁŽ | AT160: PP | AU160: 2
D161: PSC | F161: Poznámka k souboru cen:_x000D_ Položka zahrnuje odstranění, demontáž a odklizení zařízení s odvozem na předepsané místo | AT161: PSC | AU161: 2
D162: VV | F162: počet 4 | AT162: VV | AU162: 2 | AV162: 1 | AW162: True | AX162: 0 | AY162: ROZPOCET
D163: VV | F163: 4 | H163: 4 | AT163: VV | AU163: 2 | AV163: 2 | AW163: True | AX163: 1 | AY163: ROZPOCET
C164: 9 | D164: K | E164: 916119 | F164: DOPRAV SVĚTLO VÝSTRAŽ SAMOSTATNÉ - NÁJEMNÉ | G164: KSDEN | H164: 100 | J164: =ROUND(I164*H164,2) -> 0 | K164: OTSKP 2024 | N164: základní | P164: =O164*H164 -> 0 | Q164: 0 | R164: =Q164*H164 -> 0 | S164: 0 | T164: =S164*H164 -> 0 | AR164: 4 | AT164: K | AU164: 2 | AY164: ROZPOCET | BE164: =IF(N164="základní",J164,0) -> 0 | BF164: =IF(N164="snížená",J164,0) -> 0 | BG164: =IF(N164="zákl. přenesená",J164,0) -> 0 | BH164: =IF(N164="sníž. přenesená",J164,0) -> 0 | BI164: =IF(N164="nulová",J164,0) -> 0 | BJ164: 1 | BK164: =ROUND(I164*H164,2) -> 0 | BL164: 4 | BM164: 496199438
D165: PP | F165: DOPRAV SVĚTLO VÝSTRAŽ SAMOSTATNÉ - NÁJEMNÉ | AT165: PP | AU165: 2
D166: PSC | F166: Poznámka k souboru cen:_x000D_ položka zahrnuje sazbu za pronájem zařízení. Počet měrných jednotek se určí jako součin počtu zařízení a počtu dní použití. | AT166: PSC | AU166: 2
...

Sheet SO103 - Doplňující údaje 
AT2: {071c7aec-1539-460d-b9ed-ffb9347be52a}
AT3: 2
D4: KRYCÍ LIST SOUPISU PRACÍ | M4: v --- níže se nacházejí doplnkové a pomocné údaje k sestavám --- v | AT4: False
D6: Stavba:
E7: ='Rekapitulace stavby'!K6 -> Oprava silnice II/634 Rudolfov-Klauda
D8: Objekt:
E9: SO103 - Doplňující údaje
D11: KSO: | I11: CC-CZ:
D12: Místo: | F12: Rudolfov-Klauda | I12: Datum: | J12: ='Rekapitulace stavby'!AN8 -> Vyplň údaj
D14: Zadavatel: | I14: IČ: | J14: 70890650
E15: Jihočeský kraj | I15: DIČ: | J15: CZ70890650
D17: Uchazeč: | I17: IČ: | J17: ='Rekapitulace stavby'!AN13 -> Vyplň údaj
E18: ='Rekapitulace stavby'!E14 -> Vyplň údaj | I18: DIČ: | J18: ='Rekapitulace stavby'!AN14 -> Vyplň údaj
D20: Projektant: | I20: IČ: | J20: 70971641
E21: Správa a údržba silnic Jihočeského kraje p.o. | I21: DIČ: | J21: CZ70971641
D23: Zpracovatel: | I23: IČ:
E24: Petr Nachtigal 606 633 836 | I24: DIČ:
D26: Poznámka:
D30: Cena bez DPH | J30: =ROUND(J117, 2) -> 0
F32: Základ daně | I32: Sazba daně | J32: Výše daně
D33: DPH | E33: základní | F33: =ROUND((SUM(BE117:BE130)), 2) -> 0 | I33: 0.21 | J33: =ROUND(((SUM(BE117:BE130))*I33), 2) -> 0
E34: snížená | F34: =ROUND((SUM(BF117:BF130)), 2) -> 0 | I34: 0.12 | J34: =ROUND(((SUM(BF117:BF130))*I34), 2) -> 0
E35: zákl. přenesená | F35: =ROUND((SUM(BG117:BG130)), 2) -> 0 | I35: 0.21 | J35: =0 -> 0
E36: sníž. přenesená | F36: =ROUND((SUM(BH117:BH130)), 2) -> 0 | I36: 0.12 | J36: =0 -> 0
E37: nulová | F37: =ROUND((SUM(BI117:BI130)), 2) -> 0 | I37: 0 | J37: =0 -> 0
D39: Cena s DPH | G39: v | H39: CZK | J39: =SUM(J30:J37) -> 0
D50: Projektant | G50: Zpracovatel
D61: Datum a podpis: | F61: Razítko | G61: Datum a podpis: | J61: Razítko
D65: Objednavatel | G65: Uchazeč
D76: Datum a podpis: | F76: Razítko | G76: Datum a podpis: | J76: Razítko
C82: REKAPITULACE ČLENĚNÍ SOUPISU PRACÍ
C84: Stavba:
E85: =E7 -> Oprava silnice II/634 Rudolfov-Klauda
C86: Objekt:
E87: =E9 -> SO103 - Doplňující údaje
C89: Místo: | F89: =F12 -> Rudolfov-Klauda | I89: Datum: | J89: =IF(J12="","",J12) -> Vyplň údaj
C91: Zadavatel: | F91: =E15 -> Jihočeský kraj | I91: Projektant: | J91: =E21 -> Správa a údržba silnic Jihočeského kraje p.o.
C92: Uchazeč: | F92: =IF(E18="","",E18) -> Vyplň údaj | I92: Zpracovatel: | J92: =E24 -> Petr Nachtigal 606 633 836
C94: Kód dílu - Popis | J94: Cena celkem [CZK]
C96: Náklady ze soupisu prací | J96: =J117 -> 0 | AU96: -1
D97: OST - Ostatní | J97: =J118 -> 0
C104: SOUPIS PRACÍ
C106: Stavba:
E107: =E7 -> Oprava silnice II/634 Rudolfov-Klauda
C108: Objekt:
E109: =E9 -> SO103 - Doplňující údaje
C111: Místo: | F111: =F12 -> Rudolfov-Klauda | I111: Datum: | J111: =IF(J12="","",J12) -> Vyplň údaj
C113: Zadavatel: | F113: =E15 -> Jihočeský kraj | I113: Projektant: | J113: =E21 -> Správa a údržba silnic Jihočeského kraje p.o.
C114: Uchazeč: | F114: =IF(E18="","",E18) -> Vyplň údaj | I114: Zpracovatel: | J114: =E24 -> Petr Nachtigal 606 633 836
C116: PČ | D116: Typ | E116: Kód | F116: Popis | G116: MJ | H116: Množství | I116: J.cena [CZK] | J116: Cena celkem [CZK] | K116: Cenová soustava | N116: DPH | O116: J. Nh [h] | P116: Nh celkem [h] | Q116: J. hmotnost [t] | R116: Hmotnost celkem [t] | S116: J. suť [t] | T116: Suť Celkem [t]
C117: Náklady soupisu celkem | J117: =BK117 -> 0 | P117: =P118 -> 0 | R117: =R118 -> 0 | T117: =T118 -> 0 | AT117: D | AU117: -1 | BK117: =BK118 -> 0
D118: D | E118: OST | F118: Ostatní | J118: =BK118 -> 0 | P118: =SUM(P119:P130) -> 0 | R118: =SUM(R119:R130) -> 0 | T118: =SUM(T119:T130) -> 0 | AR118: 4 | AT118: D | AU118: 0 | AY118: ROZPOCET | BK118: =SUM(BK119:BK130) -> 0
C119: 5 | D119: K | E119: 02520 | F119: ZKOUŠENÍ MATERIÁLŮ NEZÁVISLOU ZKUŠEBNOU | G119: KPL | H119: 1 | J119: =ROUND(I119*H119,2) -> 0 | K119: OTSKP 2024 | N119: základní | P119: =O119*H119 -> 0 | Q119: 0 | R119: =Q119*H119 -> 0 | S119: 0 | T119: =S119*H119 -> 0 | AR119: 512 | AT119: K | AU119: 1 | AY119: ROZPOCET | BE119: =IF(N119="základní",J119,0) -> 0 | BF119: =IF(N119="snížená",J119,0) -> 0 | BG119: =IF(N119="zákl. přenesená",J119,0) -> 0 | BH119: =IF(N119="sníž. přenesená",J119,0) -> 0 | BI119: =IF(N119="nulová",J119,0) -> 0 | BJ119: 1 | BK119: =ROUND(I119*H119,2) -> 0 | BL119: 512 | BM119: -1338611030
D120: PP | F120: ZKOUŠENÍ MATERIÁLŮ NEZÁVISLOU ZKUŠEBNOU | AT120: PP | AU120: 1
D121: PSC | F121: Poznámka k souboru cen:_x000D_ zahrnuje veškeré náklady spojené s objednatelem požadovanými zkouškami | AT121: PSC | AU121: 1
D122: VV | F122: bude čerpáno se souhlasem investora | AT122: VV | AU122: 1 | AV122: 1 | AW122: True | AX122: 0 | AY122: ROZPOCET
D123: VV | F123: počet 1 | AT123: VV | AU123: 1 | AV123: 1 | AW123: True | AX123: 0 | AY123: ROZPOCET
D124: VV | F124: 1 | H124: 1 | AT124: VV | AU124: 1 | AV124: 2 | AW124: True | AX124: 1 | AY124: ROZPOCET
C125: 4 | D125: K | E125: 029113 | F125: OSTATNÍ POŽADAVKY - GEODETICKÉ ZAMĚŘENÍ - CELKY | G125: KUS | H125: 1 | J125: =ROUND(I125*H125,2) -> 0 | K125: OTSKP 2024 | N125: základní | P125: =O125*H125 -> 0 | Q125: 0 | R125: =Q125*H125 -> 0 | S125: 0 | T125: =S125*H125 -> 0 | AR125: 512 | AT125: K | AU125: 1 | AY125: ROZPOCET | BE125: =IF(N125="základní",J125,0) -> 0 | BF125: =IF(N125="snížená",J125,0) -> 0 | BG125: =IF(N125="zákl. přenesená",J125,0) -> 0 | BH125: =IF(N125="sníž. přenesená",J125,0) -> 0 | BI125: =IF(N125="nulová",J125,0) -> 0 | BJ125: 1 | BK125: =ROUND(I125*H125,2) -> 0 | BL125: 512 | BM125: -1657382108
D126: PP | F126: OSTATNÍ POŽADAVKY - GEODETICKÉ ZAMĚŘENÍ - CELKY | AT126: PP | AU126: 1
D127: PSC | F127: Poznámka k souboru cen:_x000D_ zahrnuje veškeré náklady spojené s objednatelem požadovanými pracemi | AT127: PSC | AU127: 1
D128: VV | F128: geodetické zaměření vozovkových vrstev - obrusná vrstva | AT128: VV | AU128: 1 | AV128: 1 | AW128: True | AX128: 0 | AY128: ROZPOCET
D129: VV | F129: počet 1 | AT129: VV | AU129: 1 | AV129: 1 | AW129: True | AX129: 0 | AY129: ROZPOCET
D130: VV | F130: 1 | H130: 1 | AT130: VV | AU130: 1 | AV130: 2 | AW130: True | AX130: 1 | AY130: ROZPOCET
